カセットNo,薬品コード,薬品名称,警告量,剤
1-007,2256,ニフェジピンCR錠 20mg 「トーワ」,20,錠剤
1-010,2381,ベニジピン塩酸塩錠4mg 「サワイ」,20,錠剤
1-011,597,コントミン糖衣錠 100mg,20,錠剤
1-012,669,ジゴシン錠 0.125mg,20,錠剤
1-013,3029,セレコキシブ 錠 100mg 「ニプロ」,30,錠剤
1-014,3056,ハロペリドール錠 3mg「アメル」,20,錠剤
1-015,2432,クエチアピン錠 100mg「アメル」,20,錠剤
1-016,920,チラーヂンS錠 50μg,30,錠剤
1-017,326,エビリファイ錠 12mg,0,錠剤
1-018,2440,ベラプロストNa錠 20μg「NIG」,0,錠剤
1-023,2258,ニフェジピンCR錠 40mg 「トーワ」,0,錠剤
1-024,2458,トラゾドン塩酸塩錠 50mg「アメル」,0,錠剤
1-025,490,カロナール錠500mg,0,錠剤
1-028,3207,エルデカルシトールカプセル0.5μg「サワイ」,0,カプセル
1-030,3423,エスシタロプラム錠 10mg「トーワ」,0,錠剤
1-031,113,アムロジピンOD錠 5mg「トーワ」,200,錠剤
1-033,2465,リスペリドンOD錠 1mg「トーワ」,0,錠剤
1-034,112,アムロジピンOD錠 2.5mg「トーワ」,20,錠剤
1-043,2431,クエチアピン錠 25mg「アメル」,20,錠剤
1-045,3087,(糖)グリメピリド錠 0.5mg「NP」,0,錠剤
1-053,3269,ミルタザピン錠 15mg「明治」,20,錠剤
1-054,2433,クエチアピン錠 200mg「アメル」,20,錠剤
1-055,2657,アルファカルシドール錠 0.25μg「アメル」,20,錠剤
1-056,2841,オルケディア錠 1mg,0,錠剤
1-057,2575,ビムパット錠 100mg,20,錠剤
1-059,1649,(糖)メトグルコ錠 250mg,150,錠剤
1-060,3035,ガランタミンOD錠 4mg「アメル」,0,錠剤
1-061,3346,炭酸リチウム錠 200mg「大正」,20,錠剤
1-065,2467,リスペリドンOD錠 2mg「トーワ」,20,錠剤
1-066,2913,シロドシンOD錠 4mg「ケミファ」,0,錠剤
1-067,2626,オランザピンOD錠 10mg「トーワ」,10,錠剤
1-068,2624,オランザピンOD錠 5mg「トーワ」,10,錠剤
1-070,124,アリナミンF糖衣錠 25mg,0,錠剤
1-075,3383,アジルサルタン錠 20mg「ニプロ」,20,錠剤
1-077,2379,ドキサゾシン錠 1mg「テバ」,0,錠剤
1-078,2389,アゾセミド錠 30mg「JG」,30,錠剤
1-079,2423,エピナスチン塩酸塩錠 20mg「トーワ」,0,錠剤
1-082,336,エブランチルカプセル 15mg,0,カプセル
1-084,1310,フォリアミン錠 5mg,0,錠剤
1-085,2689,クロピドグレル錠 75mg「トーワ」,0,錠剤
1-086,2702,シルニジピン錠 10mg「サワイ」,0,錠剤
1-087,332,エフィエント錠 3.75mg,0,錠剤
1-088,342,エリキュース錠2.5mg,20,錠剤
1-089,2279,クエン酸第一鉄Na錠50mg「サワイ」,20,錠剤
1-090,519,(糖)グラクティブ錠 50mg,20,錠剤
1-091,2688,クロピドグレル錠 25mg「トーワ」,0,錠剤
1-092,3084,タムスロシン塩酸塩OD錠0.2mg「トーワ」,0,錠剤
1-093,2171,タケキャブ錠 20mg,30,錠剤
1-094,2730,リクシアナOD錠 30mg,20,錠剤
1-095,2510,ビソプロロールフマル酸塩錠 0.625mg,20,錠剤
1-096,2512,ビソプロロールフマル酸塩錠 2.5mg,30,錠剤
1-097,3256,フェブキソスタット錠 10mg「トーワ」,0,錠剤
1-098,3257,フェブキソスタット錠 20mg「トーワ」,0,錠剤
1-099,1605,ミヤBM錠,0,錠剤
1-100,2747,オルメサルタンOD錠 20mg「トーワ」,30,錠剤
1-101,2275,ダイフェン配合錠,30,錠剤
1-103,598,コントミン糖衣錠 12.5mg,0,錠剤
1-105,599,コントミン糖衣錠 25mg,0,錠剤
1-109,2578,カルベジロール錠 10mg 「サワイ」,0,錠剤
1-110,4,アーテン錠 2mg,0,錠剤
1-111,2252,一硝酸イソソルビド錠20mg 「サワイ,0,錠剤
1-112,16,アキネトン錠 1mg,20,錠剤
1-113,42,アストミン錠 10mg,0,錠剤
1-114,47,アスパラーCA錠 200mg,0,錠剤
1-115,73,アドナ錠 30mg,0,錠剤
1-116,132,アルダクトンA錠 25mg,20,錠剤
1-117,170,アロプリノール錠 100mg「ニプロ」,0,錠剤
1-118,2374,ウルソデオキシコール酸錠 100mg 「トーワ,20,錠剤
1-119,312,エチゾラム錠1mg,0,錠剤
1-122,2522,モサプリドクエン酸塩錠5mg「日医工,20,錠剤
1-123,478,カルバマセピン錠 200mg「アメル」,0,錠剤
1-124,482,カルボシステイン錠250mg,30,錠剤
1-125,489,カロナール錠 200mg,20,錠剤
1-127,2383,ニセルゴリン錠 5mg「トーワ」,0,錠剤
1-128,3189,テルミサルタン錠 40mg「トーワ」,20,錠剤
1-129,2869,ベオーバ錠 50mg,0,錠剤
1-131,2392,イミダプリル塩酸塩錠5mg「トーワ」,0,錠剤
1-133,2425,プランルカストカプセル 112.5mg「サワイ」,0,カプセル
1-134,3103,プレガバリンOD錠 75mg「サワイ」,20,錠剤
1-135,3102,プレガバリンOD錠 25mg「サワイ」,20,錠剤
1-136,2785,トラネキサム酸カプセル250mg「トーワ」,0,カプセル
1-144,985,デパケンR錠 200mg,30,錠剤
1-147,1071,ニコランジル錠 5mg「トーワ」,20,錠剤
1-148,3168,ロサルタンK錠 50mg「DSEP」,20,錠剤
1-149,1146,バイアスピリン錠 100mg,100,錠剤
1-151,2330,ラベプラゾールNa塩錠10mg「明治,20,錠剤
1-154,1333,プラバスタチンNa錠 10mg「ケミファ」,10,錠剤
1-156,3537,トリクロルメチアジド 2mg「NIG」,0,錠剤
1-157,1367,プレドニゾロン錠 5mg「タケダ」,100,錠剤
1-158,2265,沈降炭酸カルシウム錠 500mg 「三,20,錠剤
1-161,2402,アンブロキソール塩酸塩錠15mg 「トーワ,0,錠剤
1-162,2506,ロフラゼプ酸エチル錠 1mg 「トーワ」,0,錠剤
1-163,1644,メチコバール錠 500μg,20,錠剤
1-164,1637,メジコン錠 15mg,20,錠剤
1-165,2819,ベタヒスチンメシル酸塩錠 6mg「トーワ」,20,錠剤
1-166,3333,タリージェOD錠 5mg,20,錠剤
1-167,1276,ファモチジンD錠 10mg「EMEC」,20,錠剤
1-168,1277,ファモチジンD錠 20mg「EMEC」,20,錠剤
1-169,2400,ポラプレジンクOD錠 75mg 「サワイ」,20,錠剤
1-170,2500,ジルチアゼム塩酸塩Rカプセル100mg,0,カプセル
1-171,1810,レボトミン錠 25mg,0,錠剤
1-173,1780,ルプラック錠 8mg,0,錠剤
1-178,1751,リボトリール錠 0.5mg,20,錠剤
1-179,1784,レキソタン錠 5mg,0,錠剤
1-180,2263,リマプロストアルファデクス錠 5μg,0,錠剤
1-181,3144,レバミピド錠 100mg「オーツカ」,20,錠剤
1-182,1830,ロキソプロフェンNa錠60mg「トーワ」,20,錠剤
1-184,1850,ロラゼパム錠 0.5mg「サワイ」,20,錠剤
1-185,3145,アトルバスタチン錠 10mg「NP」,20,錠剤
1-186,1124,ノイトロピン錠 4単位,20,錠剤
1-187,2580,カルベジロール錠 2.5mg「サワイ」,20,錠剤
1-189,311,エチゾラム錠0.5mg,20,錠剤
1-191,477,カルバマゼピン錠 100mg「アメル」,0,錠剤
1-194,1368,プレドニゾロン錠 1mg,30,錠剤
1-197,1783,レキソタン錠 2mg,0,錠剤
1-199,1812,レボトミン錠 5mg,0,錠剤
1-200,1855,ワーファリン錠 1mg,20,錠剤
1-201,1681,ユベラNカプ セル 100mg,0,カプセル
1-202,1227,ビオスリー配合錠,0,錠剤
1-203,2187,ランソプ ラゾールOD錠15mg「トーワ」,200,錠剤
1-215,3286,ラメルテオン錠 8mg「武田テバ」,0,錠剤
1-217,3096,エンレスト錠 100mg,20,錠剤
1-218,2438,アシクロビル錠 200mg「トーワ」,0,錠剤
1-219,3027,エゼチミブ錠 10mg「YD」,20,錠剤
1-220,2917,テオフィリン徐放錠 100mg「サワイ」,20,錠剤
1-221,3282,エンレスト錠 200mg,20,錠剤
1-222,1716,リオナ錠 250mg,20,錠剤
1-223,982,(糖)テネリア錠 20mg,20,錠剤
1-224,2842,(糖)フォシーガ錠 5mg,20,錠剤
1-225,2406,(糖)ジャディアンス錠 10mg,20,錠剤
1-227,2774,フロセミド錠 20mg「NP」,20,錠剤
1-228,3599,ドパコール配合錠L 50,0,錠剤
1-229,3288,フルコナゾールカプセル 50mg「F」,0,カプセル
1-230,3622,ロスバスタチン錠 2.5mg「トーワ」,0,錠剤
1-231,3085,ピタバスタチンCa・OD錠 1mg「トーワ」,150,錠剤
1-233,2188,ランソプラゾールOD錠30mg「トーワ」,20,錠剤
1-234,3201,レベチラセタム錠 500mg「日医工」,20,錠剤
1-235,2282,シロスタゾールOD錠 100mg「トーワ」,20,錠剤
1-236,2291,ドパコール配合錠L 100,100,錠剤
1-237,2644,カンデサルタンOD錠 8mg「サワイ」,20,錠剤
