ファイル名,薬品コード,剤,薬品名称,使用量,薬品コード_OK,使用量_OK
Usage_1_1.jpg,000000,None,None,,True,True
Usage_1_1.jpg,001649,錠剤,メトグルコ錠,362,True,True
Usage_1_1.jpg,002575,錠剤,ビムハペット錠,393,True,True
Usage_1_1.jpg,002841,錠剤,オルケディア錠,27,True,True
Usage_1_1.jpg,002657,錠剤,アルファカルシドール錠,565,True,True
Usage_1_1.jpg,002433,錠剤,クエチアピン錠,140,True,True
Usage_1_1.jpg,003269,錠剤,ミルタザピン錠,522,True,True
Usage_1_1.jpg,003087,錠剤,グリベンクラミド錠,53,True,True
Usage_1_1.jpg,002431,錠剤,クエチアピン錠,453,True,True
Usage_1_1.jpg,000112,錠剤,アモロジピンOD錠,315,True,True
Usage_1_1.jpg,002465,錠剤,リスペリドンOD錠,249,True,True
Usage_1_1.jpg,000113,錠剤,アモロジピンOD錠,1848,True,True
Usage_1_1.jpg,003423,錠剤,エスシタロプラム錠,62,True,True
Usage_1_1.jpg,003207,錠剤,エルデカルトプラゼル,249,True,True
Usage_1_1.jpg,000490,錠剤,カロナール錠,817,True,True
Usage_1_1.jpg,000000,None,None,,True,True
Usage_1_2.jpg,000000,None,None,,True,True
Usage_1_2.jpg,002458,剤,トラバドン塩酸塩錠,125,True,True
Usage_1_2.jpg,002258,剤,ニフェジピンCR錠,418,True,True
Usage_1_2.jpg,002440,剤,ベラプラストNa錠,35,True,True
Usage_1_2.jpg,000326,剤,エビリファイ錠,19,True,True
Usage_1_2.jpg,000920,剤,チラージンS錠,184,True,True
Usage_1_2.jpg,002432,剤,クエチアピン錠,307,True,True
Usage_1_2.jpg,003056,剤,ハロペリドール錠,0,True,True
Usage_1_2.jpg,003029,剤,セレコキシブ錠,132,True,True
Usage_1_2.jpg,000669,剤,ジゴシン錠,48,True,True
Usage_1_2.jpg,000597,剤,コントミン糖衣錠,71,True,True
Usage_1_2.jpg,002381,剤,ベニジピン塩酸塩錠,244,True,True
Usage_1_2.jpg,002256,剤,ニフェジピンCR錠,283,True,True
Usage_1_2.jpg,000000,None,None,,True,True
Usage_2_1.jpg,000000,None,None,,True,True
Usage_2_1.jpg,001071,錠剤,ニコランジル錠 5mg「トーワ」,544,True,True
Usage_2_1.jpg,000985,錠剤,デバケンR錠 200mg,430,True,True
Usage_2_1.jpg,002785,カプセル,トラネキサム酸カプセル250mg「トーワ」,297,True,True
Usage_2_1.jpg,003102,錠剤,プレカバリンOD錠 25mg「サワイ」,252,True,True
Usage_2_1.jpg,003103,錠剤,プレカバリンOD錠 75mg「サワイ」,643,True,True
Usage_2_1.jpg,002425,カプセル,プランルカプセル 112.5mg「サワイ」,0,True,True
Usage_2_1.jpg,002392,錠剤,イミダプリル塩酸塩錠5mg「トーワ」,42,True,True
Usage_2_1.jpg,002869,錠剤,ベタヒスチン錠 50mg,315,True,True
Usage_2_1.jpg,003189,錠剤,テルミサルタン錠 40mg「トーワ」,452,True,True
Usage_2_1.jpg,002383,錠剤,ニコルモン錠 5mg「トーワ」,0,True,True
Usage_2_1.jpg,000489,錠剤,カロナール錠 200mg,668,True,True
Usage_2_1.jpg,000482,錠剤,カルボシステイン錠250mg,951,True,True
Usage_2_1.jpg,000478,錠剤,カルバマゼピン錠 200mg「アメル」,0,True,True
Usage_2_1.jpg,002522,錠剤,モサプリドクエン酸塩錠5mg「日医工」,550,True,True
Usage_2_1.jpg,000000,None,None,,True,True
Usage_2_2.jpg,000000,None,None,,True,True
Usage_2_2.jpg,000312,剤,エチジウム鉛錠1mg,49,True,True
Usage_2_2.jpg,000374,剤,ウルソデオキシコール酸錠 100mg「トーワ」,282,True,True
Usage_2_2.jpg,000170,剤,アプロリノール錠 100mg「ニプロ」,50,True,True
Usage_2_2.jpg,000132,剤,アルダクトンA錠 25mg,553,True,True
Usage_2_2.jpg,000073,剤,アドナ錠,0,True,True
Usage_2_2.jpg,000047,剤,アスパラCA錠 200mg,28,True,True
Usage_2_2.jpg,000042,剤,アストミン錠 10mg,147,True,True
Usage_2_2.jpg,000016,剤,アキネトン錠 1mg,156,True,True
Usage_2_2.jpg,000252,剤,一硝酸イソソルビド錠20mg「サワイ」,19,True,True
Usage_2_2.jpg,000004,剤,アーテン錠,280,True,True
Usage_2_2.jpg,000578,剤,カルベジロール錠 10mg「サワイ」,746,True,True
Usage_2_2.jpg,000599,剤,コントロール糖衣錠 25mg,8,True,True
Usage_2_2.jpg,000598,剤,コントロール糖衣錠 12.5mg,0,True,True
Usage_2_2.jpg,000275,剤,ダイフェン配合錠,463,True,True
Usage_2_2.jpg,000747,剤,オルメサルタンOD錠 20mg「トーワ」,366,True,True
Usage_2_2.jpg,000000,None,None,,True,True
Usage_2_3.jpg,000000,None,None,,True,True
Usage_2_3.jpg,001605,錠剤,ミヤBM錠,1649,True,True
Usage_2_3.jpg,003257,錠剤,フェブ キソスタット錠 20mg「トーワ」,332,True,True
Usage_2_3.jpg,003256,錠剤,フェブ キソスタット錠 10mg,352,True,True
Usage_2_3.jpg,002512,錠剤,ビソプロロールファル酸塩錠 2.5mg,652,True,True
Usage_2_3.jpg,002510,錠剤,ビソプロロールファル酸塩錠 0.625mg,334,True,True
Usage_2_3.jpg,002730,錠剤,リクシアナOD錠 30mg,261,True,True
Usage_2_3.jpg,002171,錠剤,タキキャブ錠 20mg,159,True,True
Usage_2_3.jpg,003084,錠剤,タムスロシン塩酸塩OD錠0.2mg「トーワ」,207,True,True
Usage_2_3.jpg,002688,錠剤,クロピドグレル錠 25mg「トーワ」,14,True,True
Usage_2_3.jpg,000519,錠剤,(糖)グラチピン錠 50mg,264,True,True
Usage_2_3.jpg,002279,錠剤,クエン酸第一鉄Na錠50mg「サワイ」,563,True,True
Usage_2_3.jpg,000342,錠剤,エリキュース錠2.5mg,158,True,True
Usage_2_3.jpg,000332,錠剤,エフィエンド錠 3.75mg,386,True,True
Usage_2_3.jpg,002702,錠剤,シルニジピン錠 10mg「サワイ」,167,True,True
Usage_2_3.jpg,002689,錠剤,クロピドグレル錠 75mg「トーワ」,178,True,True
Usage_2_3.jpg,000000,None,None,,True,True
Usage_2_4.jpg,000000,None,None,,True,True
Usage_2_4.jpg,001310,錠剤,フォリアミン錠,232,True,True
Usage_2_4.jpg,000336,カプセル,エプランチルカプセル,888,True,True
Usage_2_4.jpg,000423,錠剤,エビ・ナスチン塩酸錠,97,True,True
Usage_2_4.jpg,000389,錠剤,アゾセミド錠,663,True,True
Usage_2_4.jpg,000379,錠剤,ドキザンジン錠,80,True,True
Usage_2_4.jpg,000383,錠剤,アジルサルタン錠,420,True,True
Usage_2_4.jpg,000124,錠剤,アリナミンF糖衣錠,339,True,True
Usage_2_4.jpg,000624,錠剤,オランザピンOD錠,173,True,True
Usage_2_4.jpg,000626,錠剤,オランザピンOD錠,56,True,True
Usage_2_4.jpg,000913,錠剤,シロチニンOD錠,576,True,True
Usage_2_4.jpg,000467,錠剤,リスペリドンOD錠,198,True,True
Usage_2_4.jpg,000346,錠剤,炭酸リチウム錠,738,True,True
Usage_2_4.jpg,000035,錠剤,カラチラミンOD錠,305,True,True
Usage_2_4.jpg,000000,None,None,,True,True
Usage_3_1.jpg,000000,None,None,,True,True
Usage_3_1.jpg,002644,錠剤,カンデ サルタンOD錠,171,True,True
Usage_3_1.jpg,002291,錠剤,ドパ コール配合錠L,1150,True,True
Usage_3_1.jpg,002282,錠剤,シロスタゾールOD錠,77,True,True
Usage_3_1.jpg,003201,錠剤,レベ チラセパム錠,716,True,True
Usage_3_1.jpg,002188,錠剤,ラソプラゾールOD錠,107,True,True
Usage_3_1.jpg,003085,錠剤,ピタバスタチンCa・OD錠,2071,True,True
Usage_3_1.jpg,003622,錠剤,ロスバスタチン錠,1040,True,True
Usage_3_1.jpg,003288,カプセル,フルコナゾールカプセル,0,True,True
Usage_3_1.jpg,003599,錠剤,ドパ コール配合錠L,50,True,True
Usage_3_1.jpg,002774,錠剤,フロセミド錠,238,True,True
Usage_3_1.jpg,002406,錠剤,(糖)ジャディアン錠,291,True,True
Usage_3_1.jpg,002842,錠剤,(糖)フォシーガ錠,327,True,True
Usage_3_1.jpg,000982,錠剤,(糖)テネリア錠,386,True,True
Usage_3_1.jpg,001716,錠剤,リナグリプチン錠,185,True,True
Usage_3_1.jpg,000000,None,None,,True,True
Usage_3_2.jpg,000000,None,None,,True,True
Usage_3_2.jpg,003282,剤,エンレスト錠,337,True,True
Usage_3_2.jpg,003291,剤,テオフィリン徐放錠,3,True,True
Usage_3_2.jpg,003027,剤,エビキュア錠,543,True,True
Usage_3_2.jpg,003438,剤,アシクロビル錠,189,True,True
Usage_3_2.jpg,003096,剤,エンレスト錠,532,True,True
Usage_3_2.jpg,003286,剤,ラメルテオン錠,175,True,True
Usage_3_2.jpg,003218,剤,ランソプラゾールOD錠,2682,True,True
Usage_3_2.jpg,001227,剤,ビオスリー配合錠,289,True,True
Usage_3_2.jpg,001681,剤,カプセル,391,True,True
Usage_3_2.jpg,001855,剤,ワーファリン錠,6,True,True
Usage_3_2.jpg,001812,剤,レボドパ錠,171,True,True
Usage_3_2.jpg,001783,剤,レキサルティ錠,0,True,True
Usage_3_2.jpg,001368,剤,プレドニゾロン錠,158,True,True
Usage_3_2.jpg,000477,剤,カルバマゼピン錠,62,True,True
Usage_3_2.jpg,000311,剤,エビソン錠,411,True,True
Usage_3_2.jpg,000000,None,None,,True,True
Usage_3_3.jpg,000000,None,None,,True,True
Usage_3_3.jpg,025580,剤,カルペジーロル錠 2.5mg「サワイ」,489,True,True
Usage_3_3.jpg,001124,剤,ノイロトピン錠 4単位,503,True,True
Usage_3_3.jpg,003145,剤,アルバススタチン錠 10mg「NP」,370,True,True
Usage_3_3.jpg,001850,剤,ロラゼパム錠 0.5mg「サワイ」,21,True,True
Usage_3_3.jpg,001830,剤,ロキソプロフェンNa錠60mg「トーワ」,227,True,True
Usage_3_3.jpg,003144,剤,レバミピド錠 100mg「オーツカ」,172,True,True
Usage_3_3.jpg,002263,剤,リマプロストアルファデクス錠 5μg,332,True,True
Usage_3_3.jpg,001784,剤,不明,0,True,True
Usage_3_3.jpg,001751,剤,リボトリール錠 0.5mg,555,True,True
Usage_3_3.jpg,001780,剤,ルプラック錠 8mg,0,True,True
Usage_3_3.jpg,001810,剤,レボトミガ錠 25mg,0,True,True
Usage_3_3.jpg,002500,カプセル,ジルチアゼム塩酸塩Rカプセル100mg,162,True,True
Usage_3_3.jpg,002400,剤,ポラプレジンOD錠 75mg「サワイ」,266,True,True
Usage_3_3.jpg,001277,剤,ファモチジンD錠 20mg「EMEC」,168,True,True
Usage_3_3.jpg,001276,剤,ファモチジンD錠 10mg「EMEC」,156,True,True
Usage_3_3.jpg,000000,None,None,,True,True
